recording,group,windows,0-50Hz,50-100Hz,100-250Hz,250-500Hz,500-1000Hz,1000-2000Hz,2000-4000Hz,4000-8000Hz
23M74M.wav,background,60,0.7626,0.1603,0.0276,0.0449,0.0044,1e-04,1e-04,1e-04
23M74M.wav,only h,15,0.0211,0.007,0.0645,0.7814,0.1079,0.018,1e-04,0.0
23M74M.wav,only mb,173,0.1502,0.0765,0.0673,0.2206,0.4685,0.0164,0.0004,1e-04
23M74M.wav,only n,11,0.3905,0.2997,0.2056,0.0892,0.0147,0.0002,0.0,0.0
23M74M.wav,only sb,111,0.7038,0.1793,0.0568,0.0529,0.0067,0.0004,1e-04,1e-04
AS_1.wav,background,82,0.6518,0.1234,0.0471,0.1296,0.047,0.001,0.0,0.0
AS_1.wav,only h,52,0.0688,0.0111,0.1859,0.6902,0.0436,0.0003,0.0,0.0
AS_1.wav,only mb,394,0.27,0.0845,0.1551,0.434,0.0527,0.0034,0.0003,0.0
AS_1.wav,only n,642,0.7966,0.1544,0.0212,0.0205,0.007,0.0003,0.0,0.0
AS_1.wav,only sb,172,0.5083,0.0833,0.1331,0.2549,0.0186,0.0015,0.0003,0.0
AS_1.wav,only v,58,0.8607,0.1127,0.0098,0.0127,0.0038,0.0002,0.0,0.0
